-- phpMyAdmin SQL Dump
-- version 5.2.0
-- https://www.phpmyadmin.net/
--
-- Host: 127.0.0.1
-- Generation Time: Jan 15, 2024 at 07:31 AM
-- Server version: 10.4.24-MariaDB
-- PHP Version: 8.1.6

SET SQL_MODE = "NO_AUTO_VALUE_ON_ZERO";
START TRANSACTION;
SET time_zone = "+00:00";


/*!40101 SET @OLD_CHARACTER_SET_CLIENT=@@CHARACTER_SET_CLIENT */;
/*!40101 SET @OLD_CHARACTER_SET_RESULTS=@@CHARACTER_SET_RESULTS */;
/*!40101 SET @OLD_COLLATION_CONNECTION=@@COLLATION_CONNECTION */;
/*!40101 SET NAMES utf8mb4 */;

--
-- Database: `projekpiket`
--

-- --------------------------------------------------------

--
-- Table structure for table `absensi_guru`
--

CREATE TABLE `absensi_guru` (
  `id` int(11) NOT NULL,
  `nip` bigint(18) NOT NULL,
  `keterangan` enum('sakit','izin','alfa') NOT NULL,
  `tanggal` date NOT NULL
) ENGINE=InnoDB DEFAULT CHARSET=utf8mb4;

-- --------------------------------------------------------

--
-- Table structure for table `absensi_murid`
--

CREATE TABLE `absensi_murid` (
  `id` int(11) NOT NULL,
  `id_siswa` int(15) DEFAULT NULL,
  `id_kelas` int(11) NOT NULL,
  `keterangan` varchar(6) DEFAULT NULL,
  `tanggal` timestamp NOT NULL DEFAULT current_timestamp() ON UPDATE current_timestamp()
) ENGINE=InnoDB DEFAULT CHARSET=utf8mb4;

--
-- Dumping data for table `absensi_murid`
--

INSERT INTO `absensi_murid` (`id`, `id_siswa`, `id_kelas`, `keterangan`, `tanggal`) VALUES
(28, 12, 27, 'Sakit', '2024-01-14 02:39:10');

-- --------------------------------------------------------

--
-- Table structure for table `data_guru`
--

CREATE TABLE `data_guru` (
  `id` int(11) NOT NULL,
  `nama` varchar(255) NOT NULL,
  `nip` bigint(18) NOT NULL,
  `email` varchar(255) NOT NULL,
  `id_hari` int(11) DEFAULT NULL,
  `id_kejuruan` int(11) NOT NULL,
  `foto` varchar(255) NOT NULL
) ENGINE=InnoDB DEFAULT CHARSET=utf8mb4;

--
-- Dumping data for table `data_guru`
--

INSERT INTO `data_guru` (`id`, `nama`, `nip`, `email`, `id_hari`, `id_kejuruan`, `foto`) VALUES
(32, 'irwan saputraa', 312717281281, 'duabelas12@gmail.com', 2, 5, 'CAKE_65a4cebed173f.png');

-- --------------------------------------------------------

--
-- Table structure for table `data_siswa`
--

CREATE TABLE `data_siswa` (
  `id` int(11) NOT NULL,
  `id_kodekelas` int(11) NOT NULL,
  `nama` varchar(255) NOT NULL,
  `username` varchar(255) NOT NULL,
  `id_kelas` int(11) NOT NULL
) ENGINE=InnoDB DEFAULT CHARSET=utf8mb4;

--
-- Dumping data for table `data_siswa`
--

INSERT INTO `data_siswa` (`id`, `id_kodekelas`, `nama`, `username`, `id_kelas`) VALUES
(33, 31, 'Rayla Thoriq', 'thoriq12rpl1', 27),
(34, 33, 'cica', 'cica12akl2', 30);

-- --------------------------------------------------------

--
-- Table structure for table `kode_hari`
--

CREATE TABLE `kode_hari` (
  `id_hari` int(11) NOT NULL,
  `hari` text NOT NULL,
  `kode` varchar(255) DEFAULT NULL
) ENGINE=InnoDB DEFAULT CHARSET=utf8mb4;

--
-- Dumping data for table `kode_hari`
--

INSERT INTO `kode_hari` (`id_hari`, `hari`, `kode`) VALUES
(1, 'senin', '010101'),
(2, 'selasa', '020202'),
(3, 'rabu', '030303'),
(4, 'kamis', '040404'),
(5, 'jum\'at', '050505'),
(6, 'Bukan guru piket', 'bukan guru piket');

-- --------------------------------------------------------

--
-- Table structure for table `kode_kelas`
--

CREATE TABLE `kode_kelas` (
  `id_kodekelas` int(11) NOT NULL,
  `id_kelas` int(11) NOT NULL,
  `kode_kelas` varchar(255) NOT NULL
) ENGINE=InnoDB DEFAULT CHARSET=utf8mb4;

--
-- Dumping data for table `kode_kelas`
--

INSERT INTO `kode_kelas` (`id_kodekelas`, `id_kelas`, `kode_kelas`) VALUES
(31, 27, '12rpl1'),
(32, 29, '12rpl2'),
(33, 28, '12akl1'),
(34, 30, '12akl2'),
(35, 31, '12bdp1'),
(36, 32, '12bdp2'),
(37, 33, '12otkp1'),
(38, 34, '12otkp2'),
(39, 35, '10rpl1'),
(40, 36, '10rpl2'),
(41, 37, '10akl1'),
(42, 38, '10akl2'),
(43, 39, '10bdp1'),
(44, 40, '10bdp2'),
(45, 41, '10otkp1'),
(46, 42, '10otkp2'),
(47, 43, '11rpl1'),
(48, 44, '11rpl2'),
(49, 45, '11akl1'),
(50, 46, '11akl2'),
(51, 47, '11bdp1'),
(52, 48, '11bdp2'),
(53, 49, '11otkp1'),
(54, 50, '11otkp2');

-- --------------------------------------------------------

--
-- Table structure for table `regis_admin`
--

CREATE TABLE `regis_admin` (
  `id` int(11) NOT NULL,
  `nama` varchar(255) NOT NULL,
  `password` varchar(255) NOT NULL,
  `email` varchar(255) NOT NULL
) ENGINE=InnoDB DEFAULT CHARSET=utf8mb4;

--
-- Dumping data for table `regis_admin`
--

INSERT INTO `regis_admin` (`id`, `nama`, `password`, `email`) VALUES
(1, 'Kurikulum', 'dubesjaya', 'duabelas12@gmail.com');

-- --------------------------------------------------------

--
-- Table structure for table `siswa_smkn12`
--

CREATE TABLE `siswa_smkn12` (
  `id_siswa` int(15) NOT NULL,
  `nama_siswa` varchar(100) NOT NULL,
  `nis` int(6) NOT NULL,
  `id_kelas` int(11) NOT NULL
) ENGINE=InnoDB DEFAULT CHARSET=utf8mb4;

--
-- Dumping data for table `siswa_smkn12`
--

INSERT INTO `siswa_smkn12` (`id_siswa`, `nama_siswa`, `nis`, `id_kelas`) VALUES
(12, 'AHMAD FAJAR', 11186, 27),
(13, 'ALEXA BIANCA PRISCILLA MALUEGHA', 11187, 27),
(14, 'ANANDA SHAFITRI', 11188, 27),
(15, 'ANGGA DWI RHAMDANI', 11189, 27),
(16, 'DAFFA ADITYA PUTRA ELLYAS', 11190, 27),
(17, 'DAVINA AMELIA YUNITA', 11191, 27),
(18, 'FADLI ROHMAN', 11192, 27),
(19, 'FARELIA ANANDA RIYANTO', 11193, 27),
(20, 'FARID ABIDIN TRIPAMUNGKAS', 11265, 27),
(21, 'FIKI NUR AFRIZA', 11194, 27),
(22, 'FITRA RISYA NAYSHILA', 11195, 27),
(23, 'IHSAN', 11196, 27),
(24, 'JASMINE PUTRI SUGIANTO', 11197, 27),
(25, 'LUTFIATUL AULIA FADILAH', 11198, 27),
(26, 'MUHAMAD ARFIAN SAPUTRA', 11199, 27),
(27, 'MUHAMMAD FADHIL NAIM', 1266, 27),
(28, 'MUHAMMAD YUDHA ADITYA', 11200, 27),
(29, 'NADYNE LOURENSIA SAEBRINA', 11201, 27),
(30, 'NURFITRI DESI', 11202, 27),
(31, 'PATAR IMMANUEL MANALU', 10989, 27),
(32, 'PUTRA SETYONUGROHO', 11203, 27),
(33, 'RAFITO JUAN SAPUTRA', 11204, 27),
(34, 'RAYLA THORIQ HAFUZA', 11205, 27),
(35, 'REVIN AJHAR FALAH', 11206, 27),
(36, 'RIO VALDY HERMANSYAH', 11207, 27),
(37, 'RISKI DARMAWAN', 11208, 27),
(38, 'RIZKY DHANI AGUSTIAN', 11209, 27),
(39, 'SEPTI MUTIARA', 11210, 27),
(40, 'SHIFA ALIYA ROZAK', 11211, 27),
(41, 'SUHENI AULIA', 11212, 27),
(42, 'SYAIFUL FARHAN HANIF', 11213, 27),
(43, 'TANOEJAYA SAMI AKBAR', 11214, 27),
(44, 'YATI KURNIAWATI', 11215, 27),
(45, 'ZAHWA AMELIA PUTRI', 11216, 27),
(46, 'ZASKIA FEBRIYANTI', 11217, 27),
(48, 'ABDUL MAJID', 10963, 29),
(49, 'AGUS MOLANA', 11218, 29),
(50, 'AKHMAD KARIM', 11219, 29),
(51, 'ALPINE VALENTINO', 11220, 29),
(52, 'ANANDA WIDYA MAHARANI', 11221, 29),
(53, 'BAGUS LIR ANGGA', 11222, 29),
(54, 'DAMAYANTI', 11223, 29),
(55, 'DHANYL AKHMAD SYAFAREL', 11224, 29),
(56, 'FAHIRA PUTRI ANANTA', 11225, 29),
(57, 'FAUZAN AKBAR WIJAYA?', 11226, 29),
(58, 'FIRMANSYAH', 11227, 29),
(59, 'FITRIA ANISA FADILA', 11228, 29),
(60, 'INDAH SEFTYANY', 11229, 29),
(61, 'JIHAN AULIA TAHIR', 11230, 29),
(62, 'MOHAMMAD ABDILLAH MUKTI', 11231, 29),
(63, 'MUHAMMAD ALDI TRI SETIAWAN', 11232, 29),
(64, 'MUHAMMAD NUR ILHAM', 10984, 29),
(65, 'NABILAYULVANI', 11233, 29),
(66, 'NATASYA MONICA FEBIYANTI', 11234, 29),
(67, 'PRIANA RAMADANTI', 11235, 29),
(68, 'RADIT YUSUF RAHMATILLAH', 11236, 29),
(69, 'RATU AYU AULIA MUDZHIRIYANTI', 11237, 29),
(70, 'RENATA CHRISTY KALENGKONGAN', 11238, 29),
(71, 'RIDWAN RIZKY RAMADHAN', 11239, 29),
(72, 'RIRIS DESTIARA PUTRI', 11240, 29),
(73, 'RIVANI', 11241, 29),
(74, 'SANIA RISWALA', 11242, 29),
(75, 'SEVITA RAHMA AULIA', 11243, 29),
(76, 'SITI NUR HIKMAH', 11244, 29),
(77, 'SULTAN ANWAR', 11267, 29),
(78, 'SUNARGI', 10995, 29),
(79, 'SYAFA SALSABIELAH SUSANTO', 11245, 29),
(80, 'SYIFA RASYA DAMERA', 11246, 29),
(81, 'TRI MUNARSIH', 11247, 29),
(82, 'ZAHRA NUR FADILLAH', 11248, 29),
(83, 'ZASKIA ADAWIYAH', 11249, 29),
(95, 'ADITIA IMAN SAPUTRA', 11080, 33),
(96, 'ADZRA HUMAIRA', 11081, 33),
(97, 'ALYA NUR AZIJAH', 11082, 33),
(98, 'ALYA SRI WAHYULI', 11083, 33),
(99, 'AMELIA SHO SAN NABILA', 11084, 33),
(100, 'ANDINI OKTAVIA RAHMADHANI', 11085, 33),
(101, 'AULIA RAMADHINA', 11086, 33),
(102, 'AULIYAH PUTRI NAIMAH', 11087, 33),
(103, 'AZAHRA PUTRI AMELIA', 11088, 33),
(104, 'AZIZAH PUTRI SYAHRANI', 11089, 33),
(105, 'BALQIS AURELIA SEPTIANI', 11090, 33),
(106, 'CHOIRUNNISA PUTRI NUGRAHA?', 11091, 33),
(107, 'DANANG PRASETIYO', 11092, 33),
(108, 'DZUROTUL HASANAH', 11093, 33),
(109, 'FITRI JULIANTI', 11094, 33),
(110, 'JULIANA SISCA', 11095, 33),
(111, 'LIA RACHMAWATI', 11096, 33),
(112, 'LIDYA APRILLIANI', 11097, 33),
(113, 'MUHAMAD TAUFIQ APRIANSYAH', 11098, 33),
(114, 'MUTHI\'AH ALIYAH', 11099, 33),
(115, 'NADIRA DEA MAHARDIKA', 11100, 33),
(116, 'NAZWAH HAERUNNISAH', 11101, 33),
(117, 'NUR FITRIA ROSYADAH', 11102, 33),
(118, 'NUR WAHIDAH', 11103, 33),
(119, 'PUJATI AL HUSNAENI', 11104, 33),
(120, 'PUTRI AYU LESTARI', 11105, 33),
(121, 'RAISIYA NASYA PUTRI', 11106, 33),
(122, 'RAMADHANI ZARLEN', 10847, 33),
(123, 'RIHADATUL ADAWIYAH', 11107, 33),
(124, 'RISMA DHEA ARISDA', 11108, 33),
(125, 'SALWA FAHIRA ALIFAH', 11110, 33),
(126, 'SEPTIANA IRA SAPUTRI', 11111, 33),
(127, 'SUCI RAHMAWATI', 11112, 33),
(128, 'TASYA NOVARIYANTI', 11113, 33),
(129, 'YESI MALA NUR AIDA', 11114, 33),
(130, 'ZHAFIRA PUTRI', 11115, 33),
(132, 'APRILIYA ANGGRAENI', 11153, 32),
(133, 'AZZAHARA MEITRI WULANDARI', 11154, 32),
(134, 'BUNGA PUTRI RAMADANI', 11155, 32),
(135, 'CHARLEENA SYAFITRY', 11156, 32),
(136, 'CINDY AGUSTIANI', 11157, 32),
(137, 'DYAH MENUR NILAM SARI', 11159, 32),
(138, 'ERMIKA SALSABILLA FEBYANA', 11160, 32),
(139, 'GEVIRA NUR FADILAH', 11264, 32),
(140, 'ICHA NUR ALMALITHA', 11161, 32),
(141, 'INDI RAHMADANI', 11162, 32),
(142, 'IRMA NUR AULIYANA', 11163, 32),
(143, 'JOANA DWI SHABILLAH', 11164, 32),
(144, 'JONATHAN MOSES SUTANTO LEKATOMPESSY', 0, 32),
(145, 'KHOLILLAH FAHIRA', 11165, 32),
(146, 'LILIS SUDIYANTI', 11166, 32),
(147, 'MUHAMMAD RASYA FAJAR SIREGAR', 11167, 32),
(148, 'NADYA SABRINA AZ-ZAHRA', 11168, 32),
(149, 'NAYLA NAZWA SAFITRI', 11169, 32),
(150, 'NOVA AULIA SETYAWAN', 11170, 32),
(151, 'NOVIANA LIESA RAHMAWATI', 11171, 32),
(152, 'NURKHOLIFAH', 11172, 32),
(153, 'PRIHARTINI MULYANI', 11173, 32),
(154, 'RACHEL JESSICA PANDY', 11174, 32),
(155, 'RIMAZA FITRIYANI', 11175, 32),
(156, 'RIZQIANI NABILA', 11482, 32),
(157, 'SALSABILA SABRINA PUTRI', 10922, 32),
(158, 'SEPTIA NUR AMANAH', 11177, 32),
(159, 'SEPTIA NURUL FATWAH', 11178, 32),
(160, 'SHELA DWI HALIZAH', 11179, 32),
(161, 'SITI RAHMA', 11180, 32),
(162, 'TAMALA FEBRIYANTI', 11181, 32),
(163, 'TIEFANNY', 10925, 32),
(164, 'TRI WAHYUNI', 11182, 32),
(165, 'VINA NOPIYANTI', 11183, 32),
(166, 'ZAHRA AYU NISA', 11184, 32),
(168, 'AISYAH DAMAR WULAN SARI', 11116, 31),
(169, 'ALYA PUTRI UTAMI', 11117, 31),
(170, 'ANGELEXA GRACE YOHANA PUTERI', 11118, 31),
(171, 'BUNGA INDAH LESTARI', 11120, 31),
(172, 'CAHYA REVICHA ABSHARINA', 11121, 31),
(173, 'CHINTYA RAMDHANI', 11122, 31),
(174, 'DA,WATUL JANAH', 11123, 31),
(175, 'DEA ANNISA AZZHARA', 11124, 31),
(176, 'EGIDIA ENDHITA LESTARI', 11125, 31),
(177, 'GHALUH DIAN RATNA ARIMBI', 11126, 31),
(178, 'INDAH FEBIYANTI', 11127, 31),
(179, 'INDRI LESTIA SARI', 11128, 31),
(180, 'ISNAENI PUTRI KURNIAWATI', 11129, 31),
(181, 'KARTIKA RUSDIANTO', 11130, 31),
(182, 'KIKI RACHMAWATI', 11131, 31),
(183, 'MEGA THERESIA NARWADAN', 11132, 31),
(184, 'MULYA PRASTYA DEWI', 11133, 31),
(185, 'NAILA FATASYA', 11134, 31),
(186, 'NOVA ADELIA', 11135, 31),
(187, 'NOVAL ADITYA PUTRA', 11136, 31),
(188, 'PUTRI ANJANI JULLY HARCO CHANIAGO', 11139, 31),
(189, 'RAKHA NURVIKRI', 11140, 31),
(190, 'RINJANI PURNAMA PUTRI ', 11008, 31),
(191, 'RIYAN ASAY ROZI', 11141, 31),
(192, 'SALWA NISRINA', 11142, 31),
(193, 'SEPTIA NUR HALIZA', 11143, 31),
(194, 'SHASI KIRANA MATAHARI', 11144, 31),
(195, 'SITI MUSAFA\'AH', 11145, 31),
(196, 'SUNETA', 11146, 31),
(197, 'TIARA RAHMADANI', 11147, 31),
(198, 'VANIA SYAHIRAH', 11148, 31),
(199, 'WELMA ANGELINA HOBBERTIN TENTUA', 11149, 31),
(200, 'ZEN FIO LIKCA TINDAON', 11150, 31),
(202, 'AISYAH ANANDA TRI AMALIA', 11046, 30),
(203, 'ALYA ERIKA', 11047, 30),
(204, 'ANINDYA NAILA SALMA', 11480, 30),
(205, 'ANNISAH AZZAHRA', 11048, 30),
(206, 'CAMELIA RIPAHMA', 11049, 30),
(207, 'DEA ANANDA', 11050, 30),
(208, 'DIRA FEBRIYANTI', 11051, 30),
(209, 'DWI UTIYA RESTUHANI', 11052, 30),
(210, 'FADHILAH NUR RAMADHANI', 11053, 30),
(211, 'FEBRYANA ZUMAL', 11054, 30),
(212, 'FITRI AYU NINGRUM', 11055, 30),
(213, 'HANIFAH ADAWIYAH', 11056, 30),
(214, 'IKA APRILIA AZIZAH', 11481, 30),
(215, 'LARISSA AKILAH FEBRIANE', 11057, 30),
(216, 'LIDYA EKA PUTRI', 11058, 30),
(217, 'MAURIZKIANI PUTRI AZ-ZAHRA', 11059, 30),
(218, 'MEYLANI PUTRI ALIANSYAH', 11060, 30),
(219, 'MUTHIA CHAERUNNISA', 11061, 30),
(220, 'NADILLA ANANDA', 11062, 30),
(221, 'NAZWA KEISYA MAULIDI', 11063, 30),
(222, 'NEISYA AULIA FAJARI', 11064, 30),
(223, 'NOVA NURLITA', 11065, 30),
(224, 'NURJIHAN AULIANI', 11066, 30),
(225, 'NURUL MUSLIMAH', 11262, 30),
(226, 'RAFLI RIDWANSYAH', 11067, 30),
(227, 'ROBIATUL ADAWIYAH', 11068, 30),
(228, 'SARI FATMAWATI', 11070, 30),
(229, 'SHAKIRA NOVIANTI', 11071, 30),
(230, 'SIFA LAILIYAH', 11072, 30),
(231, 'SITI AISYAH', 11073, 30),
(232, 'SONI ARDIANSYAH', 11074, 30),
(233, 'SYIFA AULIA AZZAHRA', 11075, 30),
(234, 'THAHARA SAFITRI', 11076, 30),
(235, 'VIRLIANA SALSABILA PUTRI', 11077, 30),
(236, 'WIKANTI KROIS', 11078, 30),
(237, 'ZAHRA RAMADHANI', 11079, 30),
(239, 'AATHIRAH NISRINA', 11303, 46),
(240, 'AISAH NUR FAHRIYANTI', 11304, 46),
(241, 'AISYAH FEBRIANTY', 11305, 46),
(242, 'CHELSEA KAYLA ILMANDA', 11306, 46),
(243, 'DEA AGUSTINA BUITBISI', 11307, 46),
(244, 'DEA ARISKA', 11308, 46),
(245, 'DEDE PUTRA SETIAWAN', 11309, 46),
(246, 'DESVITA ADISKA PUTRI', 11310, 46),
(247, 'DHEA ANANDA KARTINI', 11311, 46),
(248, 'DINI RODIANA AGUSTIN', 11312, 46),
(249, 'EKA RAHAYU PRASETIA', 11313, 46),
(250, 'ELIA', 11314, 46),
(251, 'ERLISYA NAVISHA ROSYID', 11315, 46),
(252, 'FIRMAN MAULANA', 11316, 46),
(253, 'GIYANTI RAMADHANI', 11317, 46),
(254, 'HALIMAH DWI ANGGRAENI', 11318, 46),
(255, 'ISABELL LOUISYE', 11319, 46),
(256, 'ISHMAH SUCI RAMADHANI', 11320, 46),
(257, 'IVA LATIFAH', 11321, 46),
(258, 'KHOILAH', 11322, 46),
(259, 'MARSYAHLA AZZAHIYAH', 11323, 46),
(260, 'MUHAMMAD NABIL AYRIEL MUSTOFA P.', 11324, 46),
(261, 'NADIA', 11325, 46),
(262, 'NADILA', 11326, 46),
(263, 'NAFISA HASNA AZZAHRA', 11327, 46),
(264, 'NAZWA MAULIDA', 11328, 46),
(265, 'NESSY PRADITA RINJANI', 11329, 46),
(266, 'NOVI KURNIAWAN', 11330, 46),
(267, 'NUR AISYAH', 11331, 46),
(268, 'NUR LAILA', 11332, 46),
(269, 'RAAJWA INTAN ZAAHIRA', 11333, 46),
(270, 'SALSA CAHYANI PUTRI', 11334, 46),
(271, 'SYIFA RACHELYA AZAHRA', 0, 46),
(272, 'TIARA NURFADILAH', 11335, 46),
(273, 'UMAYAH DWI SEPTYANI', 0, 46),
(274, 'ZASKIA', 11336, 46),
(276, 'ADHWA DZAKIYAH SULAIMAN', 11268, 45),
(277, 'ALICIA ANGELINE SURYA', 11269, 45),
(278, 'ALYA NAZHIFAH', 11270, 45),
(279, 'AMELIA HERMAWATI', 11271, 45),
(280, 'ANGGUN PERMATASARI', 11272, 45),
(281, 'ANINDYA KAIRA ALUNA', 11273, 45),
(282, 'BELLA OKTAVIANI', 11274, 45),
(283, 'CALISTA SALSABILLAH', 11275, 45),
(284, 'CHELSEA SULISTIAWATI', 11276, 45),
(285, 'DAVINA HALAIDAH', 11277, 45),
(286, 'DINA SABRINA', 11278, 45),
(287, 'DIVA OKTARIA VANDES', 11279, 45),
(288, 'FIRLY SABILLAH', 11280, 45),
(289, 'GHINA USWAH', 11281, 45),
(290, 'LARAS AYU', 11282, 45),
(291, 'MARNALISA', 11283, 45),
(292, 'NADINE KIRANIA NUR FAUZIAH', 11284, 45),
(293, 'NATHASYA SALSYABILLAH', 11285, 45),
(294, 'NOVIANI RISMAYANI', 11286, 45),
(295, 'PUTRI DESI ANGRAINI', 11287, 45),
(296, 'QUEENA TIARA KHAIRIYAH', 11288, 45),
(297, 'RAHMA NASIFA PUTRI', 11289, 45),
(298, 'RAMEYZA NUR HIKMAH', 11290, 45),
(299, 'RASYA NAJLA FAUZIYA', 11291, 45),
(300, 'SALMA KHAIRUL NISSA', 11292, 45),
(301, 'SALWA ALYA FIRJANNAH', 11293, 45),
(302, 'SELVIANA PUTRI', 11263, 45),
(303, 'SILVIANA EVANI', 11294, 45),
(304, 'SITI KHOIRUNNISA', 11295, 45),
(305, 'SITI SARAH HOERUNISA', 11296, 45),
(306, 'SOFIA NUR LUTFIAH', 11297, 45),
(307, 'TANTRI SUKMA PRATIWI', 11298, 45),
(308, 'TIARA ADINDA', 11299, 45),
(309, 'TIYA ARIYANI', 11300, 45),
(310, 'WULAN SARI', 11301, 45),
(311, 'ZULVAN AL- FARISYI', 11302, 45),
(312, 'NAMA SISWA', 0, 0),
(313, 'ADINDA SYAFA NABILA', 11594, 42),
(314, 'ALIFIA MAULIDA', 11595, 42),
(315, 'ASTRID AZZARIA ZAHRA', 11596, 42),
(316, 'BELINA DEWI SAFIRA', 11597, 42),
(317, 'CARISSA PUTRI ZULKARNAIN', 11598, 42),
(318, 'DALFA ALMIAH', 11599, 42),
(319, 'DEVIA RAMADHANTI', 11600, 42),
(320, 'DHIKA WANDA TIARA', 11601, 42),
(321, 'ENITA SHAFITRI', 11602, 42),
(322, 'FADHILAH NURAINI', 11603, 42),
(323, 'FARIDA SHOFIYYAH', 11604, 42),
(324, 'FITRI RAHMA AMALIA', 11605, 42),
(325, 'FITRIANI OKTAPIA HUTAGALUNG', 11606, 42),
(326, 'GIFANA RADISTY', 11607, 42),
(327, 'ISMA LUSIYANI', 11608, 42),
(328, 'KEZIA LIMBONG', 11609, 42),
(329, 'LULU TAMAM PUTRIKU', 11610, 42),
(330, 'MAHAMDAD TIJANI', 11611, 42),
(331, 'MILANDA NAYSAH GANI', 11612, 42),
(332, 'NABILAH SYARIFAH', 11613, 42),
(333, 'NATHANIA ADIN MUFIDAH ZAKIYAH', 11614, 42),
(334, 'NAZWA KHOIRUN NISSA', 11615, 42),
(335, 'NUR AZIZAH APRILIA PUTRI', 11616, 42),
(336, 'NURMILA AULIA', 11617, 42),
(337, 'PUTRI AMELA RAMADANI', 11618, 42),
(338, 'RAIHAN JANUARJANSAH', 11619, 42),
(339, 'RIO FEBRIANA', 11620, 42),
(340, 'SAFIRA MALIKA SYAWALNI', 11621, 42),
(341, 'SAQILLA HERLIANA', 11622, 42),
(342, 'SHIFANA DWI ANNISA', 11623, 42),
(343, 'SINDY PARAMITHA', 11624, 42),
(344, 'SYARQILLA NURUL AINI', 11625, 42),
(345, 'TIANI GINAR PRATIWI', 11626, 42),
(346, 'VIVI MAULIDANI', 11627, 42),
(347, 'WULANDARI', 11628, 42),
(348, 'ZASKIA NANINDHA ALAZHANI', 11629, 42),
(349, 'NAMA SISWA', 0, 0),
(350, 'ADINDA KOLIF MUFTIAH', 11558, 41),
(351, 'AISYAH LYRA PUTRI BUNYAMIN', 11559, 41),
(352, 'ANJANI PUTRI APRILLIA', 11560, 41),
(353, 'AYUDIAWATI', 11561, 41),
(354, 'CARISSA PUTRI HARYANTO', 11562, 41),
(355, 'CITRA NAILAH MUFIDAH', 11563, 41),
(356, 'DALIA', 11564, 41),
(357, 'DEWA SAPUTRA', 11565, 41),
(358, 'DIVANA NAYLA KHIMDAENILIE', 11566, 41),
(359, 'ERSIH JULAEKA FITRI', 11567, 41),
(360, 'FADILLAH RAKA NOVRIANSYAH', 11568, 41),
(361, 'FEBRILIANA', 11569, 41),
(362, 'FITRIA NOVALINA', 11570, 41),
(363, 'FIZCA FAIRUZIA NOVEMI', 11571, 41),
(364, 'INDIRA SETIANI', 11572, 41),
(365, 'KEISHA RAIHANA', 11573, 41),
(366, 'KIRAN MUTHIARA FERDIAN', 11574, 41),
(367, 'MARSHYA NUR HASAN', 11575, 41),
(368, 'MELICA KRISTINE SILALAHI', 11576, 41),
(369, 'MONALIS ZAHRO', 11577, 41),
(370, 'NADA YUHANNIDA', 11578, 41),
(371, 'NAZWA AZ-ZAHRA LUTFIANA', 11579, 41),
(372, 'NESSA YUNITA WULANDARI', 11580, 41),
(373, 'NURHALIZA SAPITRI', 11581, 41),
(374, 'OLIPIA KANAYA', 11582, 41),
(375, 'RADITA PUTRINA HERMAN', 11583, 41),
(376, 'RESTY DINDA LESTARI', 11584, 41),
(377, 'RUBY AINUN MA\'RIFAH', 11585, 41),
(378, 'SAFIRA NESSA CAHYANI', 11586, 41),
(379, 'SHERIL ALFIAN RAMADHANIA', 11587, 41),
(380, 'SILVANY DIAH PRATIWY', 11588, 41),
(381, 'SITI NURKHOLIFAH', 11589, 41),
(382, 'TERRY DWI SAPUTRA', 11590, 41),
(383, 'TILA AGUSTIN', 11591, 41),
(384, 'WULAN SAFITRI', 11592, 41),
(385, 'ZAHRA LULU AULIA', 11593, 41),
(386, 'NAMA SISWA', 0, 0),
(387, 'ADAM ASMARA JATI', 11666, 40),
(388, 'ADITYA PUTRA PRATAMA', 11667, 40),
(389, 'AHMAD EKO SAPUTRA', 11668, 40),
(390, 'ANA UKRAINA HARAHAP', 11669, 40),
(391, 'ANDRE FEBRI JUNIOR', 11670, 40),
(392, 'ANISA FAODIAH', 11671, 40),
(393, 'ARISTA KAFKA PUTRI LAHILOTE', 11672, 40),
(394, 'AYU RATU ANJALI', 11673, 40),
(395, 'AZMI NURUL SAIDAH', 11674, 40),
(396, 'CLARA LAURA CINTA HUTAGAOL', 11675, 40),
(397, 'DIO ABRIYANSYAH', 11676, 40),
(398, 'FADILLAH FAIZ', 11677, 40),
(399, 'FATYA AZAHRA', 11678, 40),
(400, 'INTAN APRIANI', 11679, 40),
(401, 'JILAN HAJAR ANDJANI', 11680, 40),
(402, 'KIARAMADHANI PUTRI ARCIANO', 11681, 40),
(403, 'LUBNA INAYA YASIN', 11682, 40),
(404, 'MUHAMMAD AHFAN', 11683, 40),
(405, 'MUHAMMAD ANNAS FIRDAUS', 11684, 40),
(406, 'MUHAMMAD KHOIRUL IHSAN', 11685, 40),
(407, 'NADHIF YOLAND PRAKASA', 11686, 40),
(408, 'NAJLA KARIMAH', 11687, 40),
(409, 'NATASHA INDIRA PINGKAN', 11688, 40),
(410, 'NELINA SASKIA', 11689, 40),
(411, 'NESYA ANGGRAENI', 11690, 40),
(412, 'NUR ALISYAH', 11691, 40),
(413, 'PRISKILA GRACIA RISANDI', 11692, 40),
(414, 'RADITYA DESWAYANTO', 11693, 40),
(415, 'RASYA RIZKY SATRIO', 11694, 40),
(416, 'REVA MELIANA PUTRI', 11695, 40),
(417, 'SAKINATUN NAFSY', 11696, 40),
(418, 'SILFA MUSYAROFAH', 11697, 40),
(419, 'TANAYA VIDIA MAHARANI', 11698, 40),
(420, 'TASYA INGGRI YANI', 11699, 40),
(421, 'TRISYA AMELIA', 11700, 40),
(422, 'ZALFA NAILA', 11701, 40),
(423, 'NAMA SISWA', 0, 0),
(424, 'ACHMAD AKHDAN ALVARO', 11630, 39),
(425, 'ADINIA WIRASTI JUWITA', 11631, 39),
(426, 'AENESTA MAULANA', 11632, 39),
(427, 'ANA TASYA PRADIPTA', 11633, 39),
(428, 'ANDI SALSA NABILA', 11634, 39),
(429, 'ANI KHOIRIYANTI', 11635, 39),
(430, 'AQMAL PRAMUDIKA PRATAMA', 11636, 39),
(431, 'AULIA FIRDAH', 11637, 39),
(432, 'AZAHRA SYAFITRI OKTAVIANA', 11638, 39),
(433, 'CHIKA DWI LESTARI', 11639, 39),
(434, 'DIANA HAPSARI', 11640, 39),
(435, 'DWI ANDIKA SAPUTRA', 11641, 39),
(436, 'FASHA ANUGRAH PRATAMA', 11642, 39),
(437, 'HANIF FAUZI MUKHTAR', 11643, 39),
(438, 'INTAN FAJRIYAH', 11644, 39),
(439, 'JONATHAN PRINCE SUMUAL', 11645, 39),
(440, 'LAELA NUR FAZRIAH', 11646, 39),
(441, 'MOCHAMAD JUMADI', 11647, 39),
(442, 'MUHAMMAD AL-AQSO PANGLIA', 11648, 39),
(443, 'MUHAMMAD ATTARSYAH GUSTIN', 11649, 39),
(444, 'NABILLA INDRIANA NUGROHO', 11650, 39),
(445, 'NADIA SALSABILA', 11651, 39),
(446, 'NAJMI ZAHIRAH', 11652, 39),
(447, 'NAYLA AYUKANIA', 11653, 39),
(448, 'NELY ADELIA PUTRI', 11654, 39),
(449, 'NOVI ALIYA SUSANTI', 11655, 39),
(450, 'NURUL BARIYAH', 11656, 39),
(451, 'PUTRI ARIPAH SUGANDA', 11657, 39),
(452, 'RAFI PUTRA RIANDY', 11658, 39),
(453, 'RENO KHENAEDI', 11659, 39),
(454, 'REVIN RUSTIYANI SAPUTRA', 11660, 39),
(455, 'SHERLY OKTAVIANI', 11661, 39),
(456, 'TALIA SYIFA ANDIKA', 11662, 39),
(457, 'TASHA RAMADANI', 11663, 39),
(458, 'THALITA NANA PUTRI', 11664, 39),
(459, 'UMI JANNATUL FIRDAUS', 11665, 39),
(460, 'NAMA SISWA', 0, 0),
(461, 'ADINDA DWI RIZKA RAMADHANI', 11523, 38),
(462, 'AISYAH KINANTI', 11524, 38),
(463, 'ALFI LAYLA SHIYAMI', 11525, 38),
(464, 'AMELIA PUTRI ANANDA', 11526, 38),
(465, 'ARSYAD PUTRA PRIYANDI', 11527, 38),
(466, 'ARYAN STEVANUS SITUMEANG', 11528, 38),
(467, 'AZZAHRAN ADLY FAHRIYANTO', 11529, 38),
(468, 'CHRISTINE DYAS PELUPESSY', 11530, 38),
(469, 'DIAN OKTAVIANTI', 11531, 38),
(470, 'ELLYN SHALSABILLA', 11532, 38),
(471, 'FEBI YANTI AURELLIA', 11533, 38),
(472, 'KEYSHA REFA KHALISA', 11534, 38),
(473, 'KHOIRINNA SHERIDANIA SYAH', 11535, 38),
(474, 'LAILA MALIHAH SALMA', 11536, 38),
(475, 'MARSHA GENERA FEDREAS (BUDHA)', 11537, 38),
(476, 'MARSYA APRILIA', 11538, 38),
(477, 'MARWAH YULIANA', 11539, 38),
(478, 'MUTIARA ALIAFITRI', 11540, 38),
(479, 'NABILLA NURUL AZIZAH', 11541, 38),
(480, 'NAFISHA NURAINI', 11542, 38),
(481, 'NATASYA DWI ARIYANI', 11543, 38),
(482, 'NAZHWA DESWIFA AZAHRA', 11544, 38),
(483, 'NISAH FINAWIYAH', 11545, 38),
(484, 'PUTRI NUR RAISSYYAH', 11546, 38),
(485, 'RAFIDAH SYIFA MAFTUCHAH', 11547, 38),
(486, 'RIESKA YULIANA', 11548, 38),
(487, 'RIVALINA MAYMAMTA', 11549, 38),
(488, 'SASMI ANISYAH', 11550, 38),
(489, 'SHIREENA RIZKY AGUSTYA', 11551, 38),
(490, 'SITI ROFIQOH', 11552, 38),
(491, 'SUSILO MARTONO', 11553, 38),
(492, 'SYIFA AULIA PUTRI', 11554, 38),
(493, 'TASYA SEPTI THERECIA', 11555, 38),
(494, 'THALITHA AYASA NUR\'AINI', 11556, 38),
(495, 'ZAHIRA QINANTI', 11557, 38),
(496, 'NAMA SISWA', 0, 0),
(497, 'ADELIA DWI AYU NOVIANTI', 11487, 37),
(498, 'AHMAD WAHYUDIN', 11488, 37),
(499, 'AL MALIK KHAHTANI MUABA DURAHMAN', 11489, 37),
(500, 'ALIFA SHABIRA', 11490, 37),
(501, 'ARFAN GUNAWAN', 11491, 37),
(502, 'ATHIFA KHUMAYROH', 11492, 37),
(503, 'AURA SALSABILA', 11493, 37),
(504, 'CHAIRUNNISA', 11494, 37),
(505, 'DELTA DIMAS SURYANA', 11495, 37),
(506, 'DINDA UTAMI PEBIHANI', 11496, 37),
(507, 'FAHIRA SASTI RAMADHANI', 11497, 37),
(508, 'GEBYELLA ANGGUN KURNIA', 11498, 37),
(509, 'KARINA AURELIA AR KARIM', 11499, 37),
(510, 'KHAIRUNNISA AL-BANTANI', 11500, 37),
(511, 'KIRAN AVRILIA NURMALA SARI', 11501, 37),
(512, 'LATIFAH AZZAHRA', 11502, 37),
(513, 'MARSHA ZHAFIRAH', 11503, 37),
(514, 'MARSYA SHEVANTI', 11504, 37),
(515, 'MOURISSA LUNA SHAHIRA', 11505, 37),
(516, 'NABIL IBRAHIM SUWARDANA MURTIANTO', 11506, 37),
(517, 'NADYA ZISTI AZIS', 11507, 37),
(518, 'NANDITA DWI DAMERA', 11508, 37),
(519, 'NAYSILA DWINOV PUTRI RAHMAR LAHABU', 11509, 37),
(520, 'NAZWA NEYLA PUTRI', 11510, 37),
(521, 'NOVITA KEZIA ELIZABETH SUTOMO', 11511, 37),
(522, 'PUTRI SYAHADA HARDIYANTI', 11512, 37),
(523, 'RAISYAH NOVIYANI', 11513, 37),
(524, 'RISMAYANTI', 11514, 37),
(525, 'SAHARA SYIFA SYAHRANI', 11515, 37),
(526, 'SHAFA AZAHRAA SALSABILLA', 11516, 37),
(527, 'SITA SEPTI LESTARI', 11517, 37),
(528, 'SITI ZAHRA JAMALLULAIL', 11518, 37),
(529, 'SYAIRA AULIA', 11519, 37),
(530, 'TANIA ROSA JANIAVI', 11520, 37),
(531, 'THALITA ADARA KHARISSA', 11521, 37),
(532, 'WILDATI MAWADDAH', 11522, 37),
(533, 'NAMA SISWA', 0, 0),
(534, 'AHMAD MUSYARI AL HADI', 11702, 35),
(535, 'ANISSA RAMADHANI', 11703, 35),
(536, 'ANNAIM RAMADHAN ZAKARIA PUTRA', 11704, 35),
(537, 'ARSYVI DWI ARIYANTI', 11705, 35),
(538, 'ASHIF NUR RIDWAN RAHIM', 11706, 35),
(539, 'AUDIVA SHAVINA', 11707, 35),
(540, 'AZKANIA PUTRI ZALVANITA', 11708, 35),
(541, 'BAYU INDRA LESMANA', 11709, 35),
(542, 'BILLY CAESAR RAJAWALI', 11710, 35),
(543, 'DAFFA DWI PUTRA', 11711, 35),
(544, 'DEA LOVA SYAFITRI', 11712, 35),
(545, 'DEVINKA NAZHWA FADILA', 11713, 35),
(546, 'FADHLI RAHMAN AZHAR', 11714, 35),
(547, 'HARJINAN NURRAHMAH', 11715, 35),
(548, 'KHAIRA AFRA SYAFINA', 11716, 35),
(549, 'MEISYA DILOVHY ARUTA', 11717, 35),
(550, 'MUHAMMAD ARIF MURDIANSYAH', 11718, 35),
(551, 'MUHAMMAD ELSABA', 11719, 35),
(552, 'MUHAMMAD FADLAN NOVRIANSYAH', 11720, 35),
(553, 'MUHAMMAD FATHUR ROZZAK', 11721, 35),
(554, 'MUHAMMAD HAMMAN DESTA', 11722, 35),
(555, 'MUSTOFA RAMDAN', 11723, 35),
(556, 'NADHIFAH SLAVINA', 11724, 35),
(557, 'NARAPATYA ALDAKA MURTI', 11725, 35),
(558, 'NASHIFA BAYANA LAILA AULIA', 11726, 35),
(559, 'RAISYA DWI ARYANI', 11727, 35),
(560, 'RATU FRISKHA MEISYA', 11728, 35),
(561, 'RIZKI NAFIS FARRAS', 11729, 35),
(562, 'SHAZIA NURUL ZAHRO', 11730, 35),
(563, 'SULTAN MUHAMMAD RAFLY', 11731, 35),
(564, 'WABIL HANDY KURNIADI', 11732, 35),
(565, 'YANAS PRABU ALIIF', 11733, 35),
(566, 'YUDA ALDIANSYAH', 11734, 35),
(567, 'ZAHRA AURELIA', 11735, 35),
(568, 'ZAHRATUN SYIFA ARFIYANSAH', 11736, 35);

-- --------------------------------------------------------

--
-- Table structure for table `tb_kejuruan`
--

CREATE TABLE `tb_kejuruan` (
  `id_kejuruan` int(11) NOT NULL,
  `nama_kejuruan` varchar(255) NOT NULL
) ENGINE=InnoDB DEFAULT CHARSET=utf8mb4;

--
-- Dumping data for table `tb_kejuruan`
--

INSERT INTO `tb_kejuruan` (`id_kejuruan`, `nama_kejuruan`) VALUES
(1, 'Umum'),
(2, 'Akutansi'),
(5, 'Rekayasa Perangkat Lunak'),
(6, 'Otomatisasi dan Tata Kelola Perkantoran'),
(7, 'Bisnis Daring dan Pemasaran');

-- --------------------------------------------------------

--
-- Table structure for table `tb_kelas`
--

CREATE TABLE `tb_kelas` (
  `id_kelas` int(11) NOT NULL,
  `nama_kelas` varchar(255) NOT NULL
) ENGINE=InnoDB DEFAULT CHARSET=utf8mb4;

--
-- Dumping data for table `tb_kelas`
--

INSERT INTO `tb_kelas` (`id_kelas`, `nama_kelas`) VALUES
(27, 'XII RPL 1'),
(28, 'XII AKL 1'),
(29, 'XII RPL 2'),
(30, 'XII AKL 2'),
(31, 'XII BDP 1'),
(32, 'XII BDP 2'),
(33, 'XII OTKP 1'),
(34, 'XII OTKP 2'),
(35, 'X RPL 1'),
(36, 'X RPL 2'),
(37, 'X AKL 1'),
(38, 'X AKL 2'),
(39, 'X BDP 1'),
(40, 'X BDP 2'),
(41, 'X OTKP 1'),
(42, 'X OTKP 2'),
(43, 'XI RPL 1'),
(44, 'XI RPL 2'),
(45, 'XI AKL 1'),
(46, 'XI AKL 2'),
(47, 'XI BDP 1'),
(48, 'XI BDP 2'),
(49, 'XI OTKP 1'),
(50, 'XI OTKP 2');

--
-- Indexes for dumped tables
--

--
-- Indexes for table `absensi_guru`
--
ALTER TABLE `absensi_guru`
  ADD PRIMARY KEY (`id`),
  ADD KEY `nip` (`nip`);

--
-- Indexes for table `absensi_murid`
--
ALTER TABLE `absensi_murid`
  ADD PRIMARY KEY (`id`),
  ADD KEY `id_kelas` (`id_kelas`),
  ADD KEY `id_siswa` (`id_siswa`),
  ADD KEY `id_siswa_2` (`id_siswa`);

--
-- Indexes for table `data_guru`
--
ALTER TABLE `data_guru`
  ADD PRIMARY KEY (`id`),
  ADD KEY `id_hari` (`id_hari`) USING BTREE,
  ADD KEY `id_kejuruan` (`id_kejuruan`),
  ADD KEY `nip` (`nip`);

--
-- Indexes for table `data_siswa`
--
ALTER TABLE `data_siswa`
  ADD PRIMARY KEY (`id`),
  ADD KEY `id_kodekelas` (`id_kodekelas`),
  ADD KEY `id_kelas` (`id_kelas`);

--
-- Indexes for table `kode_hari`
--
ALTER TABLE `kode_hari`
  ADD PRIMARY KEY (`id_hari`);

--
-- Indexes for table `kode_kelas`
--
ALTER TABLE `kode_kelas`
  ADD PRIMARY KEY (`id_kodekelas`),
  ADD KEY `id_kelas` (`id_kelas`);

--
-- Indexes for table `regis_admin`
--
ALTER TABLE `regis_admin`
  ADD PRIMARY KEY (`id`);

--
-- Indexes for table `siswa_smkn12`
--
ALTER TABLE `siswa_smkn12`
  ADD PRIMARY KEY (`id_siswa`),
  ADD KEY `id_kelas` (`id_kelas`);

--
-- Indexes for table `tb_kejuruan`
--
ALTER TABLE `tb_kejuruan`
  ADD PRIMARY KEY (`id_kejuruan`);

--
-- Indexes for table `tb_kelas`
--
ALTER TABLE `tb_kelas`
  ADD PRIMARY KEY (`id_kelas`);

--
-- AUTO_INCREMENT for dumped tables
--

--
-- AUTO_INCREMENT for table `absensi_guru`
--
ALTER TABLE `absensi_guru`
  MODIFY `id` int(11) NOT NULL AUTO_INCREMENT, AUTO_INCREMENT=9;

--
-- AUTO_INCREMENT for table `absensi_murid`
--
ALTER TABLE `absensi_murid`
  MODIFY `id` int(11) NOT NULL AUTO_INCREMENT, AUTO_INCREMENT=29;

--
-- AUTO_INCREMENT for table `data_guru`
--
ALTER TABLE `data_guru`
  MODIFY `id` int(11) NOT NULL AUTO_INCREMENT, AUTO_INCREMENT=33;

--
-- AUTO_INCREMENT for table `data_siswa`
--
ALTER TABLE `data_siswa`
  MODIFY `id` int(11) NOT NULL AUTO_INCREMENT, AUTO_INCREMENT=37;

--
-- AUTO_INCREMENT for table `kode_hari`
--
ALTER TABLE `kode_hari`
  MODIFY `id_hari` int(11) NOT NULL AUTO_INCREMENT, AUTO_INCREMENT=7;

--
-- AUTO_INCREMENT for table `kode_kelas`
--
ALTER TABLE `kode_kelas`
  MODIFY `id_kodekelas` int(11) NOT NULL AUTO_INCREMENT, AUTO_INCREMENT=55;

--
-- AUTO_INCREMENT for table `regis_admin`
--
ALTER TABLE `regis_admin`
  MODIFY `id` int(11) NOT NULL AUTO_INCREMENT, AUTO_INCREMENT=2;

--
-- AUTO_INCREMENT for table `siswa_smkn12`
--
ALTER TABLE `siswa_smkn12`
  MODIFY `id_siswa` int(15) NOT NULL AUTO_INCREMENT, AUTO_INCREMENT=569;

--
-- AUTO_INCREMENT for table `tb_kejuruan`
--
ALTER TABLE `tb_kejuruan`
  MODIFY `id_kejuruan` int(11) NOT NULL AUTO_INCREMENT, AUTO_INCREMENT=8;

--
-- AUTO_INCREMENT for table `tb_kelas`
--
ALTER TABLE `tb_kelas`
  MODIFY `id_kelas` int(11) NOT NULL AUTO_INCREMENT, AUTO_INCREMENT=51;

--
-- Constraints for dumped tables
--

--
-- Constraints for table `absensi_guru`
--
ALTER TABLE `absensi_guru`
  ADD CONSTRAINT `absensi_guru_ibfk_1` FOREIGN KEY (`nip`) REFERENCES `data_guru` (`nip`);

--
-- Constraints for table `absensi_murid`
--
ALTER TABLE `absensi_murid`
  ADD CONSTRAINT `absensi_murid_ibfk_2` FOREIGN KEY (`id_kelas`) REFERENCES `tb_kelas` (`id_kelas`);

--
-- Constraints for table `data_guru`
--
ALTER TABLE `data_guru`
  ADD CONSTRAINT `data_guru_ibfk_1` FOREIGN KEY (`id_hari`) REFERENCES `kode_hari` (`id_hari`) ON UPDATE CASCADE;

--
-- Constraints for table `data_siswa`
--
ALTER TABLE `data_siswa`
  ADD CONSTRAINT `data_siswa_ibfk_1` FOREIGN KEY (`id_kodekelas`) REFERENCES `kode_kelas` (`id_kodekelas`),
  ADD CONSTRAINT `data_siswa_ibfk_2` FOREIGN KEY (`id_kelas`) REFERENCES `tb_kelas` (`id_kelas`);

--
-- Constraints for table `kode_kelas`
--
ALTER TABLE `kode_kelas`
  ADD CONSTRAINT `kode_kelas_ibfk_1` FOREIGN KEY (`id_kelas`) REFERENCES `tb_kelas` (`id_kelas`);
COMMIT;

/*!40101 SET CHARACTER_SET_CLIENT=@OLD_CHARACTER_SET_CLIENT */;
/*!40101 SET CHARACTER_SET_RESULTS=@OLD_CHARACTER_SET_RESULTS */;
/*!40101 SET COLLATION_CONNECTION=@OLD_COLLATION_CONNECTION */;
